<?xml version="1.0" encoding="UTF-8"?>
<beans xmlns="http://www.springframework.org/schema/beans"
	xmlns:xsi="http://www.w3.org/2001/XMLSchema-instance"
	xsi:schemaLocation="http://www.springframework.org/schema/beans
                        http://www.springframework.org/schema/beans/spring-beans-3.0.xsd">

	<bean id="employee" class="com.hcl.Employee">
		<constructor-arg name="id" value="1" />
		<constructor-arg name="name" value="Ram" />
		<constructor-arg name="address" ref="address" />
	</bean>

	<bean id="employee1" class="com.hcl.Employee" autowire="byName">
	</bean>

	<bean id="address" class="com.hcl.Address" scope="prototype"
		init-method="customInitMethod">
		<property name="city" value="Bengaluru" />
		<property name="zipCode" value="560001" />
	</bean>

	<bean id="customBeanPostProcessor"
		class="com.hcl.CustomBeanPostProcessor"></bean>

</beans> 