<?xml version="1.0" encoding="UTF-8"?>
<beans xmlns="http://www.springframework.org/schema/beans"
	xmlns:xsi="http://www.w3.org/2001/XMLSchema-instance"
	xsi:schemaLocation="http://www.springframework.org/schema/beans
                        http://www.springframework.org/schema/beans/spring-beans-3.0.xsd">

	<bean id="employee" class="com.hcl.Employee">
		<property name="id" value="1" />
		<property name="name" value="Ram" />
		<property name="address">
			<map>
				<entry key="1" value-ref="address1" />
				<entry key="2" value-ref="address2" />
				<entry key="3" value-ref="address3" />
			</map>
		</property>
	</bean>

	<bean id="address1" class="com.hcl.Address">
		<property name="city" value="Bengaluru" />
		<property name="zipCode" value="560001" />
	</bean>

	<bean id="address2" class="com.hcl.Address">
		<property name="city" value="Delhi" />
		<property name="zipCode" value="777001" />
	</bean>

	<bean id="address3" class="com.hcl.Address">
		<property name="city" value="Chennai" />
		<property name="zipCode" value="815001" />
	</bean>

</beans> 